keyword,cluster
漫画,1
乐园,2
异变,2
飞翔,2
八云,2
神灵,0
红魔,0
故事,0
永夜,0
对话,0
自机,0
封印,2
阴阳,2
梦想,0
雾雨,0
结界,2
魔理沙,3
灵梦,2
博丽灵,0
巫女,2
帕秋莉,2
十六,2
夜咲夜,0
黑色,2
背景,2
魔理,2
地灵,0
爱丽丝,1
蝴蝶结,2
组合,2
普通,2
魔法,0
日记,2
魔法书,2
刚欲,2
异闻,2
姐姐,2
魔乡,2
东方红,2
求闻,1
芙兰,2
文花,3
史纪,1
噩梦,0
米莉亚,2
破坏,2
禁忌,2
吸血鬼,2
斯卡蕾特,2
芙兰朵,2
本能,2
虽然,2
完全,2
少女,2
技能,0
解放,2
口授,4
心绮楼,2
存在,2
内心,2
什么,2
蔷薇,2
凭依,0
无意识,2
地恋,2
古明,2
白玉,2
介绍,0
白楼,2
半身,2
剑术,2
楼观,2
园艺师,2
佛教,2
冥界,2
半灵,2
半人,2
西行,2
幽幽,2
幽灵,0
魂魄,2
妖梦,2
完美,2
世界,0
操纵,0
小刀,2
飞刀,2
停止,2
女仆,2
时间,2
咲夜,2
绯想天,2
鲜红,2
蝙蝠,2
不过,2
红色,2
命运,2
恶魔,2
侦探,2
地底,2
第三只,2
支援,2
宠物,2
记忆,2
怨灵,2
地狱,0
读心,2
地觉,2
回忆,2
想起,2
堇子,0
火焰,2
人体,2
传说,0
之药,2
竹林,2
岛子,2
辉夜,2
老不死,2
不死鸟,2
不死,2
蓬莱,2
妹红,2
藤原,2
打败,2
丸文,2
天空,0
射命,2
非想,2
天则,2
冷气,2
攻击,0
花映,0
露诺,2
黄泉,2
死蝶,2
法师,2
蝴蝶,2
墨染,2
樱花,2
死亡,2
亡灵,2
森林,2
巨大,2
英文,2
七色,2
上海,1
特洛依,2
玛格,2
人形,2
人偶,2
速度,2
报纸,2
乌鸦,2
猿田彦,2
认为,2
进行,4
新闻,2
取材,2
风神,4
天狗,4
客星,2
神明,4
引发,2
歌仙,2
守矢,2
奇跡,2
访子,4
奈子,4
东风,2
奇迹,2
早苗,4
之后,2
月球,2
永远,2
赤眼,2
的话,2
永琳,2
波长,2
兔子,2
地上,2
狂气,2
疯狂,2
优昙华院,2
因幡,2
铃仙,2
四重,2
出现,1
結界,2
这个,2
就是,2
界线,2
境界,2
同时,2
火符,2
魔女,2
元素,2
五行,2
图书馆,2
属性,2
诺蕾姬,2
彩虹,2
彩符,2
门卫,2
彩光,2
中国,2
美铃,2
红美铃,2
对手,2
荷取,2
丰聪耳,2
表演,2
六十六,2
代表,2
灵气,2
太子,2
神子,2
秦河,2
希望,2
能乐,2
秦心,2
面具,2
感情,2
非非,2
地面,2
顶天,2
天气,2
天人,2
绯想,2
气质,2
大地,2
天界,2
地震,2
天子,2
要石,2
居天子,2
那名,2
这样,2
书籍,2
十字架,2
妖魔,2
夜行,2
黑暗,2
米娅,2
作祟,2
铁轮,2
宫司,2
大人,2
土着,2
信仰,4
翡翠,2
青蛙,2
土著,2
洩矢,2
独眼,2
命莲寺,2
列车,2
联系,2
一本,2
惊吓,2
付丧神,2
吓人,2
锻造,2
遗忘,2
星莲船,2
唐伞,2
多多,2
小伞,2
拥有,2
战斗,2
但是,2
之主,2
新作,2
鲜花,2
普莉兹姆利巴,2
花朵,2
花田,2
映姬,2
太阳,2
旧作,2
四季,2
风见,2
幽香,2
六十年,2
裁判,2
死者,2
说教,2
夜摩仙,2
那度,2
阎魔,2
审判,2
怨恨,2
提亚,2
宇佐见,0
力量,2
赫卡,2
污秽,2
名字,2
纯化,2
珠传,2
嫦娥,2
纯粹,2
纯狐,2
醉蝶华,2
密度,2
宴会,2
美宵,2
江山,2
百鬼,2
萃香,2
童子,2
伊吹萃,2
神签,0
红叶,2
果真,2
白色,2
千里,2
人妖,2
名鉴,2
发现,2
地区,2
白狼,2
九尾狐,2
天狐,2
妖狐,2
十二,2
奴隶,2
狐狸,2
兽王,0
小角,2
使役,2
样式,2
九尾,2
生活,2
神宝,2
须臾,2
归返,2
物语,2
难题,2
竹取,2
山辉夜,2
木星,2
融合,2
阿空,2
太陽,2
恒星,2
八咫乌,2
能量,2
灵乌路,2
核聚变,2
财产,2
妹妹,2
姐妹,2
最恶,2
一切,2
身上,2
神女,2
石油,2
最凶,2
不幸,2
贫穷,2
依神,2
紫苑,2
天道,2
欲望,2
庚申,2
白莲,2
灵异,2
道士,2
十七条,2
披风,2
圣德,2
大会,2
弱者,2
天地,2
性格,2
天探,2
逆符,2
说明,2
道具,2
针妙,2
翻转,2
辉针,2
鬼人,2
邪鬼,2
正邪,2
帕露,2
绿眼,2
麻雀,2
丑时,2
参拜,2
宇治,2
波斯,2
桥姬,2
嫉妒心,2
水桥,2
露西,2
嫉妒,2
月夜,2
头脑,2
思兼神,2
阿波罗,2
制作,2
药物,2
提及,2
八意,2
地獄,2
月亮,2
三个,2
地球,2
祖利,2
斯拉,2
女神,2
异界,2
身体,2
宗教,2
龙脉,2
物部,2
阿菊,2
道教,2
物部氏,2
风水,2
布都,2
大神,2
盘子,2
尸解,2
物部布,2
三平,2
龙之介,2
水符,2
尼西,2
瀑布,2
芥川,2
河城,2
河童,2
吉吊,2
生物,2
八千,2
吸收,2
贪婪,2
生命,2
血液,2
组织,2
动物,2
畜生,2
同盟,2
尤魔,2
饕餮,2
储存,2
诅咒,2
变得,2
收集,2
灾祸,2
流雏,2
厄神,2
键山雏,2
厄运,2
之民,2
探知,2
发展,2
天津,2
方向,2
事情,2
逆转,2
事态,2
探女,2
神探,2
玉符,2
仪式,2
季节,2
秘儀,2
背后,2
对应,2
秘仪,2
障碍,2
之神,2
秘神,2
隐岐奈,2
多罗,2
渡边,2
深秘录,2
愿望,2
务光,2
彭祖,2
猿之手,2
华扇,2
仙人,2
木华扇,2
应该,2
开始,2
死体,2
僵尸,2
火车,2
尸体,2
涡轮,2
咏唱,2
缘起,2
大日,2
如来,2
超人,2
命莲,2
贵山,2
僧侣,2
一条,2
野符,2
水户,2
高天原,2
三种,2
村落,2
形态,2
创造,2
神器,2
天皇,2
慧音,2
白泽,2
凶兆,2
它们,2
猫咪,2
妻子,2
鬼神,2
泰山,2
黑猫,2
妖术,2
状态,2
晴明,2
夜盲症,2
天蛾,2
夜盲,2
八目鳗,2
萝蕾拉,2
歌声,2
夜雀,2
蒂娅,2
米斯,2
原形,2
未知,2
物体,2
时代,2
外星人,2
正体,2
平安,2
真相,2
不明,2
寻找,2
找到,2
东西,2
财宝,2
灵摆,2
宝塔,2
判断,2
探宝,2
探宝术,2
寅丸星,2
占卜,2
沙门,2
老鼠,2
娜兹玲,2
不动,2
乱舞,2
天魔,2
百世,2
三脚架,2
流通,2
命令,2
之山,2
流星,2
星空,2
社会,2
权现,2
卡牌,2
龙洞,2
饭纲,2
类型,2
幻存,2
原曲,2
任何,2
面道,2
面中,2
种族,2
模式,2
蓝色,2
夢符,2
梦符,2
伊特,2
梦境,2
哆来,2
狂们,2
举办,2
市場,2
事物,2
供物,2
交易,2
所有权,2
市场,2
黑市,2
集市,2
天弓,2
千亦,2
狱符,2
发狂,2
国旗,2
三月,1
条纹,2
皮丝,2
美国,2
小丑,2
星条旗,2
恩皮丝,2
克劳,2
弱点,2
建议,2
抓住,2
乘虚而入,2
白狐,2
菅牧典,2
管狐,2
茅山,2
已经,2
芳香,2
墙壁,2
穿墙,2
母亲,2
霍青娥,2
霍桓,2
青娥,2
战争,1
时期,2
发售,2
出场,2
由于,2
原因,2
衍生,2
脑袋,2
无头,2
场景,2
飛頭,2
拉罕,2
飞出去,2
脖子,2
飞头,2
辘轳,2
赤蛮,2
水難,2
幽灵船,2
舀子,2
船长,2
水难,2
沉没,2
事故,2
水蜜,2
村纱,2
为了,2
伊邪,2
线形,2
灵长,2
古坟,2
天才,2
方形,2
形兽,2
造形,2
偶像,2
安神,2
泡沫,2
年代,2
女苑,2
疫病,2
迷途,2
大穴,2
因幡帝,2
因幡天,2
天为,2
白兔,2
幸运,2
鬼杰组,2
龟壳,2
水獭,2
龟甲,2
鬼杰,2
风暴,2
蠢符,2
昆虫,2
奈特,2
巴格,2
萤火虫,2
虫子,2
莉格露,2
吞亭,2
手下,2
佐渡,2
狸猫,2
铃奈庵,2
变化,2
名方,2
大社,2
建御,2
八坂神,2
御柱,2
能够,2
雷电,2
云海,2
龙神,2
带鱼,2
使者,2
天女,2
衣玖,2
龙宫,2
永江衣,2
羽衣,2
偷懒,2
引航,2
距离,2
彼岸,2
三途,2
镰刀,2
三途河,2
小野,2
死神,2
功能,2
摄影,2
写真,2
形象,2
记者,2
山伏,2
拍摄,2
照片,2
念写,2
海棠,2
告知,2
来临,2
瓦特,2
春天,2
莉莉,2
星熊,2
温泉,2
退治,2
这种,2
勇仪,2
天王,2
怪力乱神,2
星熊勇仪,2
拖入,2
神话,2
葡萄,2
天涯海角,2
逃走,2
跟踪,2
日白,2
那美,2
那岐,2
丑女,2
豫母,2
狭美,2
外面,2
俱乐部,2
现实,2
之助,2
深秘,2
香霖,2
秘封,2
念力,2
超能力,2
二重,2
光符,1
口岸,2
治愈,2
瞭望,2
试炼,2
分水,2
鬼渡,2
二羽,2
渡神,2
庭渡,2
狼牙,2
之夜,2
咆哮,2
满月,2
今泉,2
影狼,2
传入,2
神兽,2
呼吸,2
琉球,2
陀螺,2
神佛,2
狮子,2
野阿,2
高丽,2
梦殿,2
自古,2
慧之子,2
之王,2
恶鬼,2
虚无,2
为乐,2
罗刹,2
寂灭,2
残无,2
小判,2
巨人,2
大判,2
变大,2
小槌,2
万宝,2
一寸,2
少名,2
小人,2
小提琴,2
协奏曲,2
忧郁,2
乐器,2
合葬,2
露娜萨,2
骚灵,2
演奏,2
寒流,2
一种,2
冬季,2
寒冷,2
冬天,2
特洛克,2
霍瓦,2
吞噬,2
丧尸,2
不会,2
变成,2
感觉,2
墓地,2
毒爪,2
宫古,2
无名,2
毒素,2
毒雾,2
毒药,2
铃兰,2
可莉,2
梅兰,2
梅蒂欣,2
拨浪鼓,2
原点,2
雷鼓,2
节奏,2
打击乐,2
雷神,2
魔力,2
堀川雷鼓,2
太鼓,2
吸食,2
来到,2
怪物,2
旧血池,2
吸血,2
血枪,2
人血枪,2
卓柏卡,2
布拉,2
天火,2
龙珠,2
噬龙,2
蠱毒,2
挖掘,2
上山,2
系列,2
矿山,2
公主,2
秀乡,2
百足,2
姬虫,2
蜈蚣,2
收成,2
稻田,2
秋符,2
烤红薯,2
象征,2
秋天,2
秋季,2
收获,2
秋刀鱼,2
掌管,2
丰收,2
秋穰子,2
索斯,2
黑驹,2
脚力,2
甲斐,2
劲牙组,2
飞马,2
天马,2
骊驹,2
早鬼,2
终焉,2
木花,2
人气,2
落叶,2
秋静叶,2
之三,1
米尔克,1
之光,1
恶作剧,1
消除,2
桑尼,1
声音,2
露娜,2
露德,2
露娜切,2
月光,2
人魚,2
人鱼,2
水中,2
淡水,2
若鹭姬,2
福神,2
非常,2
魔界,2
曼荼罗,2
激光,2
弟子,2
感应,2
倾泻,2
星之光,2
星符,2
星光,2
萨菲,2
斯塔,2
宝珠,2
射击,2
子弹,2
铃瑚,2
发射,2
年糕,2
着陆,2
清兰,2
赖光,2
洞窟,2
疾病,2
黑谷山,2
山女,2
蜘蛛,2
弓兵,2
造型,2
节目,2
灵体,2
直接,2
立像,2
原型,2
兵团,2
挂甲,2
武人,2
磨弓,2
偶磨,2
称号,2
野生,2
山姥,2
齐天大圣,2
猿神,2
成为,2
西游记,2
猿猴,2
孙悟空,2
圣域,2
孙美天,2
美天,2
捕兽,2
陷阱,2
刻耳柏,2
洛斯,2
山犬,2
三头,2
門前,2
诵经,2
大声,2
经文,2
门前,2
回声,2
反射,2
幽谷,2
山彦,2
响子,2
主题曲,2
阳光,2
日光,2
光线,2
折射,2
通过,2
七夕,2
竹子,2
狂舞,2
她们,2
生命力,2
起舞,2
田里,2
尔子,2
丁礼田舞,2
小号手,2
小号,2
梅露兰,2
翅膀,2
常夜,2
幼虫,2
常世神,2
之梦,2
鳞粉,2
凤蝶,2
蝶符,2
爱塔妮,2
尔瓦,2
越入,2
日语,2
雲山,2
老爹,2
守护,2
入道,2
云居,2
云山,2
一轮,2
招符,2
三毛,2
举起,2
大吉,2
招财,2
花猫,2
招猫,2
招财猫,2
三花,2
豪德寺,2
之音,2
键盘,2
五线谱,2
平家,2
乐谱,2
音符,2
传统,2
琉璃,2
八桥,2
琵琶,2
九十九,2
诱导,2
精神力,2
越强,2
赏月,2
兔符,2
橘色,2
草莓,2
九月,2
南瓜,2
团子,2
斗笠,2
生命体,2
弥勒,2
魔符,2
菩萨,2
矢田寺,2
成美,2
地藏,2
下克上,2
山中,2
绿色,2
技术,2
森域,2
森符,2
高岭,2
山城,2
山童,2
降下,2
吊桶,2
水井,2
釣瓶,2
鬼火,2
钓瓶落,2
钓瓶,2
琪斯美,2
璎花,2
水蛭,2
儿童,2
孩子,2
河原,2
蛭子,2
石符,2
惠比寿,2
擅长,2
垒石,2
水母,2
赛之河,2
石头,2
水子,2
戎璎花,2
草太夫,2
牡丹,2
荷包,2
女王,2
烟管,2
精神,2
高山植物,2
薄雪草,2
高地,2
烟草,2
山如,2
赌场,2
女郎,2
草山,2
化石,2
命名,2
矿物,2
伊奘诺,2
物质,2
名前,2
制造,2
玉造,2
魅须,2
勾玉,2
河底,2
别人,2
民间传说,2
沉入,2
姑获,2
产女,2
背负,2
行人,2
重量,2
石像,2
牛鬼,2
牛崎润,2
婴儿,2
包丁,2
深山,2
研磨,2
太郎,2
菜刀,2
坂田,2
合欢,2
自由,2
改变,2
